,Tweets,tweet_id,User,user_id,User_status_count,User_followers,User_friend_count,User_location,fav_count,rt_count,tweet_date,user_verified,User_friends_count
0,"RT @MFA_China: Reports of ""China may put export controls on Nokia &amp; Ericsson"" are DISINFORMATION. Our 5G market is open to all telecom comp‚Ä¶",1286252535586516992,Gohahwei,1158919762040066048,75346,525,,Australia,0,108,2020-07-23 10:51:16,False,1486.0
1,"Rise in 5G sales buoys Ericsson‚Äôs quarterly profit 

READ MORE: https://t.co/XvVF3sWWzJ

#5G #Applications‚Ä¶ https://t.co/o2WuG8Z5nP",1286252192102584320,IAM Platform,226310002,736286,17807,,Worldwide,0,0,2020-07-23 10:49:54,False,15038.0
2,RT @Kevin_Jackson: So what happens when my watch gets jealous because I'm talking to the fridge too much. And the poor smartphone! It's nev‚Ä¶,1286252100775604224,Lisa HockadayJacksonüì≤,3297160441,16325,11101,,,0,1,2020-07-23 10:49:32,False,7707.0
3,‚Äú‚ÄòThe biggest single immediate risk to diversification would be to lose another vendor‚Äô... That involves ‚Äòlooking a‚Ä¶ https://t.co/iQqrFaMdER,1286251470652952581,Mark Warner,621185967,31220,3604,,,0,0,2020-07-23 10:47:02,False,910.0
4,"RT @EricssonAPAC: With the power of the #AI-backed Ericsson Operations Engine, we are working with @airtelindia to redefine the customer ex‚Ä¶",1286251388335345664,Umar Alatas,783410619508596737,13722,526,,"Jakarta, Indonesia",0,4,2020-07-23 10:46:43,False,1956.0
5,"RT @5GRadar: New HPE 5G Lab enables MNOs to move away from Nokia, Ericsson, and Huawei. https://t.co/XMNmSyA3bu https://t.co/hemkSzoxPK",1286251372590047233,‚ñëD‚ñëa‚ñën‚ñë,5868362,44943,5964,,UK,0,1,2020-07-23 10:46:39,False,1825.0
6,"New HPE 5G Lab enables MNOs to move away from Nokia, Ericsson, and Huawei. https://t.co/XMNmSyA3bu https://t.co/hemkSzoxPK",1286251058352750593,5GRadar.,113629009,8672,2619,,London,0,1,2020-07-23 10:45:24,False,2094.0
7,"@Forbes @BlankAvery Great article @BlankAvery! All good, practical tips very relevant for leaders right now. A few‚Ä¶ https://t.co/AeVAo7eA3j",1286249918366179329,Dan Kerber,741712751949537280,1055,174,,"McKinney, TX",0,0,2020-07-23 10:40:52,False,219.0
8,"RT @EricssonDigital: It may be summer, but it's important to continue to engage in #5G dialogues. Gear up with new insights to accelerate 5‚Ä¶",1286249782709612549,Waleed Nohur,962254862955118592,77325,17450,,Republic of Mauritius üá≤üá∫,0,4,2020-07-23 10:40:20,False,15792.0
9,BT Ericsson launch UK‚Äôs first 5G smart factory (Totaltele/Total Telecom) https://t.co/pwG4YjpNTJ,1286249584285478912,TIN-Mobile News Feed,505520414,154944,285,,San Francisco,0,0,2020-07-23 10:39:32,False,0.0
10,RT @NonaOcampo: Check out this blog post by by Ericsson colleague about why it‚Äôs time to ramp up your #5G deployment strategy! #TeamEricsso‚Ä¶,1286249004297224192,Sheilah Kalfors,2544832479,5234,132,,,0,0,2020-07-23 10:37:14,False,328.0
11,"RT @NonaOcampo: We are hiring a Site Service Strategic Sourcing Manager in Riyadh, Saudi Arabia Ericsson. Interested? Apply now! #TeamErics‚Ä¶",1286248979689242624,Sheilah Kalfors,2544832479,5234,132,,,0,0,2020-07-23 10:37:08,False,328.0
12,"RT @EricssonDigital: It may be summer, but it's important to continue to engage in #5G dialogues. Gear up with new insights to accelerate 5‚Ä¶",1286248961813049344,Lisa HockadayJacksonüì≤,3297160441,16325,11101,,,0,4,2020-07-23 10:37:04,False,7707.0
13,"RT @EricssonDigital: It may be summer, but it's important to continue to engage in #5G dialogues. Gear up with new insights to accelerate 5‚Ä¶",1286248961120993282,Kevin L. Jackson,17899712,107301,67174,,"Virginia, USA",0,4,2020-07-23 10:37:04,True,26694.0
14,"Ericsson RX8200 MPEG2 /MPEG4 SD &amp; 4:2:2 DVB-S2, 8PSK receiver Multi-service Decryption, BISS , Low symbol rate, Fra‚Ä¶ https://t.co/JEo9Ve3doJ",1286248644119793669,bsbroadcast,847398736858800130,466,114,,"RAK Media City,
United Arab Emirates",0,0,2020-07-23 10:35:48,False,265.0
15,"RT @EricssonDigital: It may be summer, but it's important to continue to engage in #5G dialogues. Gear up with new insights to accelerate 5‚Ä¶",1286248451332685824,GC GlobalNet,1206594363868012546,7200,22,,,0,4,2020-07-23 10:35:02,False,22.0
16,‚ÄúOperators must each apply for dozens of licences for equipment to cover different parts of [#France]... the bulk o‚Ä¶ https://t.co/JWxmg97PBO,1286247142680666114,Mark Warner,621185967,31220,3604,,,0,0,2020-07-23 10:29:50,False,910.0
17,"RT @adam_tooze: Decoupling Round 2 - Beijing weighs banning Nokia and Ericsson, who are profiting from Huawei‚Äôs exclusion, from exporting k‚Ä¶",1286246667675672576,De Charlus,1006843612884275200,12129,49,,Barcelona,0,17,2020-07-23 10:27:57,False,56.0
18,"The major players in the global communications hardware market are Apple, Samsung, Cisco Systems, Huawei Technologi‚Ä¶ https://t.co/uaVp6dQUqx",1286245164336287749,ram,1280724816266358784,33,0,,,0,0,2020-07-23 10:21:59,False,6.0
19,"Ericsson is looking for teammates like you. See our latest #IT job openings, including ""Senior Engineer- Packet Cor‚Ä¶ https://t.co/PY5ygjXAOh",1286244495252525056,TMJ-ING Jobs,41013335,583,497,,"Gurgaon, India",0,0,2020-07-23 10:19:19,False,276.0
20,/be a global citizen #TeamEricsson https://t.co/dbmG2AGEAN,1286244172513476609,Geoff Myatt,746743051809325057,723,131,,"Guildford, England",0,0,2020-07-23 10:18:02,False,184.0
21,"@theMrMobile Also, I hated that menu key, because it opened the browser via a short press (if memory serves) and it‚Ä¶ https://t.co/fmkXVzqiSj",1286243543430963200,Chaldon Pretorius,2633792262,2772,36,,Johannesburg,0,0,2020-07-23 10:15:32,False,68.0
22,"China brands Nokia, Ericsson report fake news #nokia #ericsson #fakenews https://t.co/UQhJruspEf",1286243421947133952,Paul Davis,978932592,9376,360,,London and the cloud,0,0,2020-07-23 10:15:03,False,2226.0
23,"RT @ericsson: How can #5G and AR transform traditional ""Gemba walks"" on the factory floor? Find out: https://t.co/aPuAkCWAUj https://t.co/c‚Ä¶",1286242578711576576,Thierry Mugabo,240663715,49,21,,Rwanda,0,1,2020-07-23 10:11:42,False,87.0
24,"It's time to overcome the leadership crisis during COVID 19 outbreak https://t.co/iEM4kJWiso 
#varindianewshour‚Ä¶ https://t.co/ZUNNHnqxyB",1286242354026995712,VARINDIA,121378193,38688,1813,,INDIA,1,0,2020-07-23 10:10:49,False,938.0
25,"How can #5G and AR transform traditional ""Gemba walks"" on the factory floor? Find out: https://t.co/aPuAkCWAUj https://t.co/cScxia5p09",1286242207427682306,Ericsson,19017255,24856,260887,,"Stockholm, Sweden",2,1,2020-07-23 10:10:14,True,261.0
26,RT @DanishKh4n: Meet the top leaders from the Telecom industry as they discuss the way forward in a post-Covid-19 World at #ETGlobalTownHal‚Ä¶,1286241859128274944,Pal,1235766854955737094,22333,74,,Mumbai Kanjurmarg West,0,4,2020-07-23 10:08:51,False,207.0
27,"This job might be a great fit for you: Senior Commercial Contract Manager, UK - https://t.co/k71RmVL3Ph #Reading, England #Sales",1286241851859537922,Ericsson Jobs,310299026,871,2658,,Global Jobs Listing,0,0,2020-07-23 10:08:49,False,0.0
28,Check out @ericsson's IndustryLab report on Pre-emptive logistics - the road ahead! #TeamEricsson https://t.co/JdomcQtscX,1286241486447636480,MEHRAN NMZ ‚òÜ,2583570284,1154,167,,Global,0,0,2020-07-23 10:07:22,False,195.0
29,Tech: UK to support Nokia and Ericsson in Huawei phase-out plan - Bloomberg https://t.co/tEKS5bFPM3,1286241419288440832,The Edge Malaysia,19107088,238114,504726,,South East Asia,0,0,2020-07-23 10:07:06,False,159.0
30,"What is anomaly detection, and how are we helping CSPs on their journey towards automated communications networks?‚Ä¶ https://t.co/7CPj4FCD76",1286241382659575808,MEHRAN NMZ ‚òÜ,2583570284,1154,167,,Global,0,0,2020-07-23 10:06:57,False,195.0
31,"It may be summer, but it's important to continue to engage in #5G dialogues. Gear up with new insights to accelerat‚Ä¶ https://t.co/8UO404SPVC",1286240907445051395,Ericsson Digital,19411352,24382,26866,,"Stockholm, Sweden",4,4,2020-07-23 10:05:04,True,4929.0
32,"Now more than ever, we need flexibility in #manufacturing. Despite the widespread apprehension around #5G, its conn‚Ä¶ https://t.co/mNCweiYylh",1286239951508643840,TEDI-London,1172095076941598720,757,532,,"London, UK",0,0,2020-07-23 10:01:16,False,1538.0
33,/be a global citizen #TeamEricsson https://t.co/L09USIxbQK,1286239950518669316,Sonora Ocampo,114177000,5294,183,,"Stockholm, Sweden",0,0,2020-07-23 10:01:16,False,168.0
34,"What is anomaly detection, and how are we helping CSPs on their journey towards automated communications networks?‚Ä¶ https://t.co/K1TxJn8Adm",1286239821313187841,Sonora Ocampo,114177000,5294,183,,"Stockholm, Sweden",0,0,2020-07-23 10:00:45,False,168.0
35,Excited to share the news that Deutsche Telekom and Ericsson have strengthened their partnership with a #5G deal!‚Ä¶ https://t.co/y39U6yUYL5,1286239778044747777,Sonora Ocampo,114177000,5294,183,,"Stockholm, Sweden",0,0,2020-07-23 10:00:34,False,168.0
36,Ericsson is on Jolt! https://t.co/XKcZvrjfvL,1286239764534960129,Jolt EDM Alarm,810348607614439424,1215,314,,"Boulder, CO",0,0,2020-07-23 10:00:31,False,111.0
37,RT @PedroClarke1: Vodafone UK Ericsson Dynamic Spectrum Sharing on 2100MHz Band 1 nearing release; MBSFN Subframe Configuration on L21 SIB2‚Ä¶,1286239758348357633,ùôãùôÑùôâùôÄùòæùôäùôâùôÄüá¨üáß,1247152230005866498,208,22,,United Kingdom,0,2,2020-07-23 10:00:30,False,248.0
38,/be a global citizen #TeamEricsson https://t.co/7gRdWj03rF,1286239677876326400,TheLittleGatsby,36037980,6892,79,,,0,0,2020-07-23 10:00:11,False,154.0
39,"In a partnership that has spanned more than 25 years, @EricssonIndia  turns a new chapter powering @airtelindia wit‚Ä¶ https://t.co/LaE2RMhAtZ",1286239632942870534,Ericsson APAC,3043042663,3983,10209,,Asia Pacific,0,0,2020-07-23 10:00:00,False,381.0
40,"What is anomaly detection, and how are we helping CSPs on their journey towards automated communications networks?‚Ä¶ https://t.co/URXqydzXLo",1286239545650900993,TheLittleGatsby,36037980,6892,79,,,0,0,2020-07-23 09:59:39,False,154.0
41,Excited to share the news that Deutsche Telekom and Ericsson have strengthened their partnership with a #5G deal!‚Ä¶ https://t.co/q64TqA0McZ,1286239440130592768,TheLittleGatsby,36037980,6892,79,,,0,0,2020-07-23 09:59:14,False,154.0
42,"If you're looking for work in #D√ºsseldorf, NRW, check out this #ProjectMgmt job via the link in our bio: Integratio‚Ä¶ https://t.co/iAcPyGS8cc",1286239210572111872,TMJ-GER IT PM Jobs,33590082,337,202,,Germany,0,0,2020-07-23 09:58:19,False,165.0
43,@samdunningo @CE_ChinaEconomy Nothing set in stone. It will depend on SFR and Bouygues telco companies because they‚Ä¶ https://t.co/UcwWwx581I,1286239152804114432,Rocky,1228149459508436993,3152,114,,United Kingdom,1,0,2020-07-23 09:58:05,False,124.0
44,"Gladwell popularised Ericsson‚Äôs work as the 10,000 hour rule in ‚ÄòOutliers‚Äô using the example of the Beatles. Brilli‚Ä¶ https://t.co/5bypDohvHj",1286238824742477829,Bec Evans,229467662,13945,2674,,Hebden Bridge,3,0,2020-07-23 09:56:47,False,1508.0
45,Check out this blog post by by Ericsson colleague about why it‚Äôs time to ramp up your #5G deployment strategy!‚Ä¶ https://t.co/sTIpYTdAOK,1286238535440203778,Marc Heynen,56370228,763,34,,Nettetal,0,0,2020-07-23 09:55:38,False,93.0
46,Ericsson South East Asia expects #5G subscriptions to reach 190 million by the end of 2020. | ScandAsia‚Ä¶ https://t.co/QwZW9Dq4Dw,1286238413427859456,Marc Heynen,56370228,763,34,,Nettetal,0,0,2020-07-23 09:55:09,False,93.0
47,Excited to share the news that Deutsche Telekom and Ericsson have strengthened their partnership with a #5G deal!‚Ä¶ https://t.co/6TzA0UiZ4y,1286238231755804672,Marc Heynen,56370228,763,34,,Nettetal,0,0,2020-07-23 09:54:26,False,93.0
48,"Ericsson died in June this year ‚Äì this tribute from Deep Work enthusiast Cal Newport is generous, fitting &amp; a great‚Ä¶ https://t.co/9p2n4vxzzt",1286237529545613314,Bec Evans,229467662,13945,2674,,Hebden Bridge,2,0,2020-07-23 09:51:38,False,1508.0
49,U.K. to Support Nokia and Ericsson in Huawei Phase-Out Plan https://t.co/83RPWdXhZW,1286237446561247232,Godinger,845106166216736768,9092,725,,"Ottawa, Ontario",0,0,2020-07-23 09:51:19,False,4998.0
50,"Anders Ericsson is the father of #deliberatepractice his research underpins the science of #expertise, offering:

""‚Ä¶ https://t.co/oD8mV8BKyG",1286237185843372032,Bec Evans,229467662,13945,2674,,Hebden Bridge,2,0,2020-07-23 09:50:16,False,1508.0
51,This #QA job might be a great fit for you. Click the link in our bio to see it and more. SOC Service Analyst 2nd Le‚Ä¶ https://t.co/IrbXpH6xvC,1286236174181253120,TMJ- LON IT QA Jobs,22442831,108,228,,London,0,0,2020-07-23 09:46:15,False,204.0
52,"@cchukudebelu Ericsson, Nokia and Samsung are your other options. You honestly believe they will beat Huawei to it?‚Ä¶ https://t.co/mSWgON4C1A",1286235595363295232,W. Gyude Moore,119012494,12970,4261,,"Washington, DC",0,0,2020-07-23 09:43:57,False,528.0
53,We drive openness to let the ecosystem innovate on the #5G platform. #TeamEricsson https://t.co/vZB3pzeAE5,1286235362449268737,Achyut Shukla,3177054132,1223,89,,"Gurgaon, India",0,0,2020-07-23 09:43:02,False,57.0
54,Taiwan‚Äôs digital minister Audrey Tang warns of China's ‚ÄòTrojan horse' - Taiwan's state-backed Chunghwa Telecom laun‚Ä¶ https://t.co/dl1j7yytCe,1286235142491639809,antonia filmer,2175714210,23522,1766,,,0,0,2020-07-23 09:42:09,False,1615.0
55,We're hiring! Read about our latest job opening here: JavaScript/Java Software Developer - Junior -‚Ä¶ https://t.co/YRShCIan7H,1286235001936384006,Ericsson Jobs,310299026,871,2658,,Global Jobs Listing,0,0,2020-07-23 09:41:36,False,0.0
56,"#DeutscheTelekom, #Ericsson strengthen partnership with #5G deal:
@EricssonDigital
@ericsson 
@EricssonNetwork‚Ä¶ https://t.co/2ohR0KeNEv",1286234798063849473,Telecom Drive,2318516102,6293,269,,,0,0,2020-07-23 09:40:47,False,19.0
57,"RT @EricssonAPAC: Bharti Airtel‚Äôs CTO Randeep Singh Sekhon shares his perspectives on the Ericsson Operations Engine

Know more on how we a‚Ä¶",1286234417913044998,Shas Fuentecilla,2780260122,99925,1832,,Republic of the Philippines,0,6,2020-07-23 09:39:16,False,4982.0
58,"RT @evazhengll: Ericsson has won at least part of the deal to deploy Deutsche Telekom‚Äôs 5G RAN across Germany.
French cybersecurity agency‚Ä¶",1286233588770381824,‰∏ÄÂè™Á¨®ÁÜä üêº,4272189737,10184,245,,Worldwide,0,8,2020-07-23 09:35:59,False,3068.0
59,@Thomas_Ohr @EU_Startups To have giants like Amazon we need 100s of millions investment rounds with mostly european‚Ä¶ https://t.co/C8nF4Xv1L8,1286233337573629952,Nick Keytlin,113208388,11189,268,,Berlin,0,0,2020-07-23 09:34:59,False,1201.0
60,Spoken to a gentleman who worked at @ericsson. Got to know how dirty is the telecom business is in terms of operati‚Ä¶ https://t.co/0G9GFdfD9V,1286233321991626752,Shiharan Choudhury,189463915,5937,479,,IncredibleIndia,0,0,2020-07-23 09:34:55,False,596.0
61,"So, UK bans @Huawei from its telecom network. This will benefit @nokia and @ericsson and both companies manufacture‚Ä¶ https://t.co/BLlIKgAsHT",1286233174738001921,Rezvani | seeking not to persuade by anger or pity,1052151114362023937,32484,1880,,"Sabadell, Spain",3,0,2020-07-23 09:34:20,False,91.0
62,"#DeutscheTelekom, #Ericsson strengthen partnership with 5G deal
@deutschetelekom
@Telekom_group
@DTHealth_NL‚Ä¶ https://t.co/qxfyy50Ltu",1286232591910150145,Zia Askari,44577325,9598,269,,Delhi - NCR,0,0,2020-07-23 09:32:01,False,583.0
63,RT @Ericssonpress: Deutsche Telekom will deploy Ericsson's 5G Radio Access Network (RAN) across Germany including spectrum sharing to dynam‚Ä¶,1286232279694508033,Waleed Nohur,962254862955118592,77325,17450,,Republic of Mauritius üá≤üá∫,0,4,2020-07-23 09:30:47,False,15792.0
64,"If you're looking for work in #Taipei, check out this #Sales job via the link in our bio: Account Manager - IoT at Ericsson",1286231721461993473,Taiwan Jobs,43259052,707,793,,Taiwan,0,0,2020-07-23 09:28:34,False,276.0
65,RT @ETTelecom: ETTelecom | UK seeks Japan's help to develop its 5G wireless networks #5GNetwork #5gWirelessNetwork #Nokia #3G4G #Huawei #5G‚Ä¶,1286231682379440128,Vamsi Kiran Arni,1601475703,2459,22,,,0,2,2020-07-23 09:28:24,False,239.0
66,"Ericsson scores as Brazil grapples with Huawei dilemma...https://t.co/QTOhwBuZYi

#wireless #5G #wifi #wifi6‚Ä¶ https://t.co/1ampP2qoyq",1286231383325716480,Wireless Watch,31161975,2662,1876,,London,0,0,2020-07-23 09:27:13,False,434.0
67,RT @Ericssonpress: Deutsche Telekom will deploy Ericsson's 5G Radio Access Network (RAN) across Germany including spectrum sharing to dynam‚Ä¶,1286230989296013314,Ericsson Deutschland,852436798013878272,3742,1371,,Deutschland,0,4,2020-07-23 09:25:39,True,2644.0
68,Bank of America Raises Telefonaktiebolaget LM Ericsson $ERIC Price Target to $13.00  https://t.co/zx5RockfoX,1286230880667799558,Stock News Times,887052326472740866,783701,2143,,,0,0,2020-07-23 09:25:13,False,10.0
69,"RT @evazhengll: Ericsson has won at least part of the deal to deploy Deutsche Telekom‚Äôs 5G RAN across Germany.
French cybersecurity agency‚Ä¶",1286230365233766403,Rahul S,945480628937441280,29426,104,,"LA, BKK, AMS, LHR",0,8,2020-07-23 09:23:10,False,206.0
70,Excited to share the news that Deutsche Telekom and Ericsson have strengthened their partnership with a #5G deal!‚Ä¶ https://t.co/cZLR6JVI3b,1286230331553533953,Niti Jain,97161141,466,424,,India,0,0,2020-07-23 09:23:02,False,609.0
71,There's virtually no societal or industrial communication need that #5G can‚Äôt meet. That's why it's crucial for the‚Ä¶ https://t.co/XJ8ztThQfn,1286229832519413760,Niti Jain,97161141,466,424,,India,0,0,2020-07-23 09:21:03,False,609.0
72,Excited to share the news that Deutsche Telekom and Ericsson have strengthened their partnership with a #5G deal!‚Ä¶ https://t.co/iXi6cDodmi,1286229784905752576,Richard Eccles,20424725,5057,2002,,"Haslemere, England",0,0,2020-07-23 09:20:52,False,2089.0
73,RT @SonucTSaltunc: Congratulations to @abbieeeee_x on winning my 2018 Esports Jersey with @Charles_Leclerc and @Ericsson_Marcus‚Äôs Signature‚Ä¶,1286229530257035265,abbie,200657219,171371,9423,,UK,0,1,2020-07-23 09:19:51,False,637.0
74,"RT @adam_tooze: ""‚ÄúWe wanted to look our customers in the eye and say we don‚Äôt do any manufacturing in China,‚Äù said an executive at one U.S.‚Ä¶",1286229261586661376,üåü OneForAll üåä Gerwald-Isaac üí• Failing Elites,4866717149,984045,2839,,U,0,9,2020-07-23 09:18:47,False,5001.0
75,Excited to share the news that Deutsche Telekom and Ericsson have strengthened their partnership with a #5G deal!‚Ä¶ https://t.co/GX8cYvqL37,1286228505898790912,Mohamed Kamal,256977248,188,82,,Germany,0,0,2020-07-23 09:15:47,False,426.0
76,RT @totaltelecom: The UK's first #5G smart factory sees @BT_uk team up with @ericsson to help accelerate production for @WorcesterBosch. Is‚Ä¶,1286228373153484800,Mentor Europe,109553417,956,144,,United Kingdom,0,1,2020-07-23 09:15:15,False,233.0
77,RT @DanishKh4n: Meet the top leaders from the Telecom industry as they discuss the way forward in a post-Covid-19 World at #ETGlobalTownHal‚Ä¶,1286228284267618305,Md Shahbaz KhanüîÖ,155835463,2152,304,,New Delhi,0,4,2020-07-23 09:14:54,False,1707.0
78,Congratulations to @abbieeeee_x on winning my 2018 Esports Jersey with @Charles_Leclerc and @Ericsson_Marcus‚Äôs Sign‚Ä¶ https://t.co/Frm0sxxO0b,1286228236330991617,Sonuc T Saltunc,1009454697374257152,657,220,,New Acc Lost my 2k followersüíî,6,1,2020-07-23 09:14:43,False,224.0
79,"RT @EricssonAPAC: Ericsson CTO Erik Ekudden talks about how driving openness in #5G and beyond is key to foster new business.

Know more in‚Ä¶",1286228040398172160,Dick Nguyen,299102729,188,65,,Vietnam,0,4,2020-07-23 09:13:56,False,163.0
80,@EPPGroup 5G is only viable if lead by European companies like Ericsson and Nokia. Huawei will end up by underminin‚Ä¶ https://t.co/IXG0YOYBU8,1286227624013058060,OrangeWatchDog,1075499023371526144,3243,59,,,0,0,2020-07-23 09:12:17,False,151.0
81,The UK's first #5G smart factory sees @BT_uk team up with @ericsson to help accelerate production for‚Ä¶ https://t.co/JJVSeXPzHm,1286226234930876416,Total Telecom,18629674,37777,32393,,London,1,1,2020-07-23 09:06:45,False,1524.0
82,"Ericsson is hiring in #Bucharest, Bucharest! Click the link in our bio to apply: 2nd Level Operations - Senior Core‚Ä¶ https://t.co/4i2C2Og0md",1286226004860526593,TMJ-ROM Jobs,43258349,779,622,,Romania,0,0,2020-07-23 09:05:51,False,276.0
83,"RT @EricssonAPAC: Bharti Airtel‚Äôs CTO Randeep Singh Sekhon shares his perspectives on the Ericsson Operations Engine

Know more on how we a‚Ä¶",1286225589636968448,‡∏ï‡∏µ‡πã‡∏ô‡πâ‡∏≠‡∏¢‡∏Ç‡∏≠‡∏á‡∏ô‡πâ‡∏≤,850651813690826752,401447,312,,,0,6,2020-07-23 09:04:12,False,600.0
84,"RT @EricssonAPAC: With the power of the #AI-backed Ericsson Operations Engine, we are working with @airtelindia to redefine the customer ex‚Ä¶",1286225533567557632,mauricedubosson,973246813,26550,16131,,Tha√Ølande,0,4,2020-07-23 09:03:58,False,16091.0
85,RT @Ericssonpress: Deutsche Telekom will deploy Ericsson's 5G Radio Access Network (RAN) across Germany including spectrum sharing to dynam‚Ä¶,1286225159947350016,pds@///,34922589,13774,351,,"Gurgaon, India",0,4,2020-07-23 09:02:29,False,652.0
86,RT @thorstenbenner: Deutsche Telekom's announcement of partnership with Ericsson on 5G RAN just affirms status quo: about 65% of its RAN &amp;‚Ä¶,1286224789179375618,Peter Kahl Â§©ÈæçÂÖ´ÈÉ®,933490045050273792,4220,87,,United Kingdom,0,3,2020-07-23 09:01:01,False,128.0
87,RT @Ericssonpress: Deutsche Telekom will deploy Ericsson's 5G Radio Access Network (RAN) across Germany including spectrum sharing to dynam‚Ä¶,1286222552239570944,Luca Ronchi,304338762,4529,154,,"Rome, Italy",0,4,2020-07-23 08:52:07,False,631.0
88,"RT @adam_tooze: ""‚ÄúWe wanted to look our customers in the eye and say we don‚Äôt do any manufacturing in China,‚Äù said an executive at one U.S.‚Ä¶",1286221767414091776,Ebuka Emebinah,735740965,21427,1420,,Nigeria,0,9,2020-07-23 08:49:00,False,4848.0
89,"See our latest #Docklands, VIC job and click to apply: OCS Project Manager - https://t.co/nRXm8a6LqU #IT",1286221644566900736,Ericsson Jobs,310299026,871,2658,,Global Jobs Listing,0,0,2020-07-23 08:48:31,False,0.0
90,RT @PedroClarke1: Vodafone UK Ericsson Dynamic Spectrum Sharing on 2100MHz Band 1 nearing release; MBSFN Subframe Configuration on L21 SIB2‚Ä¶,1286221568926859264,MischellG,21824354,2150,58,,Monnem Ahoi,0,2,2020-07-23 08:48:13,False,341.0
91,"RT @EricssonCareers: üö® The Ericsson Innovation Awards are back! üö®

This year, #EIA2020 calls on university students worldwide to set major‚Ä¶",1286221497988780033,ùï∏.,593007340,56521,1830,,,0,4,2020-07-23 08:47:56,False,874.0
92,Excited to share the news that Deutsche Telekom and Ericsson have strengthened their partnership with a #5G deal!‚Ä¶ https://t.co/8cCsXN0wM8,1286220827176779777,Geoff Myatt,746743051809325057,723,131,,"Guildford, England",0,0,2020-07-23 08:45:16,False,184.0
93,Ericsson reports second quarter results 2020. #TeamEricsson https://t.co/WbOHq0ZjAn,1286220687846252545,Gerhard Schuller,701720085011030016,1352,46,,"Madrid, Espa√±a",0,0,2020-07-23 08:44:43,False,69.0
94,RT @DanishKh4n: Meet the top leaders from the Telecom industry as they discuss the way forward in a post-Covid-19 World at #ETGlobalTownHal‚Ä¶,1286220667168292864,"Manoj Misra ,FCA",1039985484,428,50,,New Delhi,0,4,2020-07-23 08:44:38,False,234.0
95,"Don't submit then quit. Apply for jobs like ""Digital Product Owner - GCP Application Platform"" at Ericsson, then lo‚Ä¶ https://t.co/z9Z79cTrWm",1286220629046259713,TMJ-SWE Jobs,42331308,733,564,,Sweden,0,0,2020-07-23 08:44:29,False,276.0
96,"RT @evazhengll: Ericsson has won at least part of the deal to deploy Deutsche Telekom‚Äôs 5G RAN across Germany.
French cybersecurity agency‚Ä¶",1286220580224741377,⁄©€åŸæ ÿ±ÿßÿ¨ÿ±ÿ≤ (‡§ï‡§™‡•ç‡§§‡§æ‡§®),727993232,8199,160,,Guru Mandir,0,8,2020-07-23 08:44:17,False,102.0
97,RT @DanishKh4n: Meet the top leaders from the Telecom industry as they discuss the way forward in a post-Covid-19 World at #ETGlobalTownHal‚Ä¶,1286220559630495750,ETTelecom,81082366,65378,33344,,"Film City, Noida",0,4,2020-07-23 08:44:12,True,8.0
98,There's virtually no societal or industrial communication need that #5G can‚Äôt meet. That's why it's crucial for the‚Ä¶ https://t.co/fMg9urMVah,1286220517066727424,Gerhard Schuller,701720085011030016,1352,46,,"Madrid, Espa√±a",0,0,2020-07-23 08:44:02,False,69.0
99,Deutsche Telekom will deploy Ericsson's 5G Radio Access Network (RAN) across Germany including spectrum sharing to‚Ä¶ https://t.co/PLftTaHHKi,1286220006699814912,Ericsson Press,22599645,2869,27601,,Stockholm,6,4,2020-07-23 08:42:01,False,6117.0
100,@EricssonMEA @Tawal_KSA @ericsson Well done #TeamEricsson,1286219864999440385,Ibrahim Katib,308979030,61,52,,,0,0,2020-07-23 08:41:27,False,369.0
101,Deutsche Telekom's announcement of partnership with Ericsson on 5G RAN just affirms status quo: about 65% of its RA‚Ä¶ https://t.co/xWGVLAfrgV,1286219837182750722,Thorsten Benner,218653062,12262,12659,,Berlin,9,3,2020-07-23 08:41:20,True,953.0
102,"RT @EricssonMEA: We just signed an agreement with @Tawal_KSA to reduce carbon footprint in #SaudiArabia!üåø

@Ericsson‚Äôs #AI-powered Energy I‚Ä¶",1286219473964404736,Ibrahim Katib,308979030,61,52,,,0,13,2020-07-23 08:39:54,False,369.0
103,Daily AI Roundup: The 5 Coolest Things On Earth Today https://t.co/ZwtNuqT2Me @fuze @Microsoft @UiPath @AWS‚Ä¶ https://t.co/L1EMPID1ww,1286219244208873472,AiThority.com,910050092744302592,27513,4666,,"Hawthorne, CA",0,0,2020-07-23 08:38:59,False,443.0
104,Meet the top leaders from the Telecom industry as they discuss the way forward in a post-Covid-19 World at‚Ä¶ https://t.co/YiAQHv3nJ3,1286218502496382977,Danish,32361058,38846,5338,,Bharat,8,4,2020-07-23 08:36:02,True,1204.0
105,"Join the Ericsson team! See our latest #IT job openings, including ""5G Networks Software Developer (Zagreb)"", via t‚Ä¶ https://t.co/Hus61UOA06",1286218487799504896,TMJ-Croatia Jobs,75648876,328,447,,Croatia,0,0,2020-07-23 08:35:58,False,276.0
106,U.K. to Support Nokia and Ericsson in Huawei Phase-Out Plan https://t.co/I3jhNXWI9M,1286217754966519808,Shehzad Younis,30701862,229764,367,,Thinkstan,0,0,2020-07-23 08:33:04,False,245.0
107,RT @joannaccherry: Boris Johnsons Scottish visit shows Politics is not on hold. Brexit is proceeding at full speed. Devolution is under att‚Ä¶,1286217678680739840,Sally Ericsson,764575190906986496,51578,3036,,"London, England",0,267,2020-07-23 08:32:46,False,3294.0
108,RT @jessphillips: Sorry somehow lost the first bit of thread there let's start again. 1.Yesterday I was alerted to a completely fake headli‚Ä¶,1286217366364454915,Sally Ericsson,764575190906986496,51578,3036,,"London, England",0,736,2020-07-23 08:31:31,False,3294.0
109,Tawal signs up Ericsson for managed services deal https://t.co/9Uzo9cUzYX,1286217283166035970,Business News,962725727950049281,41177,916,,"Boston, MA",0,0,2020-07-23 08:31:11,False,1402.0
110,Vodafone UK Ericsson Dynamic Spectrum Sharing on 2100MHz Band 1 nearing release; MBSFN Subframe Configuration on L2‚Ä¶ https://t.co/zNOPn8aPNV,1286217259447463936,Peter Clarke,872445554,3311,3270,,London/Hull/East Anglia,28,2,2020-07-23 08:31:06,False,591.0
111,"RT @evazhengll: Ericsson has won at least part of the deal to deploy Deutsche Telekom‚Äôs 5G RAN across Germany.
French cybersecurity agency‚Ä¶",1286217006702907393,Noor Ali Paras,1130500313096556549,9833,295,,"Islamabad, Pakistan",0,8,2020-07-23 08:30:05,False,689.0
112,"After the pandemic, the definition of a status symbol might change. 

82% people in India believe that virtual symb‚Ä¶ https://t.co/ezXu2PlGHG",1286216984623894533,Ericsson India,2789482657,10787,40495,,India,3,0,2020-07-23 08:30:00,True,258.0
113,RT @JohnJCrace: I'm sure there's a perfectly innocent explanation,1286216682613030912,Sally Ericsson,764575190906986496,51578,3036,,"London, England",0,1035,2020-07-23 08:28:48,False,3294.0
114,"Want to work at Ericsson? We're hiring in #Reading, England! Click the link in our bio for details on this job and‚Ä¶ https://t.co/uOqyrNmbPO",1286216171201560578,TMJ-LON IT Adm. Jobs,107649090,498,267,,London,0,0,2020-07-23 08:26:46,False,231.0
115,Excited to share the news that Deutsche Telekom and Ericsson have strengthened their partnership with a #5G deal!‚Ä¶ https://t.co/32PjhpLFLw,1286216098526896132,Gerhard Schuller,701720085011030016,1352,46,,"Madrid, Espa√±a",0,0,2020-07-23 08:26:29,False,69.0
116,#Sony #SonyXperia We need Sony Ericsson #XperiaMini modern remake!,1286215685773897729,–∂—Ä–µ—Ü –ª—é–±–≤—ñ (–Ω–µ—Ç),250257351,179,23,,Lviv,1,0,2020-07-23 08:24:50,False,181.0
117,My first phone was pink Sony Ericsson walkman and it had LED light on the side and I could change the color to diff‚Ä¶ https://t.co/qAgZWvU0Pn,1286215416940036099,turachee,299692935,2070,137,,Ba tu gharaz nist,0,0,2020-07-23 08:23:46,False,132.0
118,"RT @EricssonAPAC: Our future-proof 5G &amp; spectrum sharing solutions are powering the #5GSwitch with @Telstra in #Australia 

Learn more here‚Ä¶",1286214680315191296,KB INDIO Maharlika - Josh | Pasig City,212874709,13709,142,,Pasig City,0,1,2020-07-23 08:20:51,False,102.0
119,RT @Kevin_Jackson: The multi-device space is prime real estate when it comes to enhancing service provider revenue.  https://t.co/4rMGUQWZg‚Ä¶,1286214352677175296,Lisa HockadayJacksonüì≤,3297160441,16325,11101,,,0,1,2020-07-23 08:19:33,False,7707.0
120,@AltheaM98497636 So beautiful... want to squeeze your nipples,1286214348407529472,Kjell Ericsson,3295302089,2191,232,,,0,0,2020-07-23 08:19:32,False,957.0
121,"Join the Ericsson team! See our latest #ProductMgmt job openings, including ""R&amp;D Regulatory and Security Leader"", v‚Ä¶ https://t.co/8oJHKhMLI7",1286214194942025730,TMJ-FRA Jobs,38177097,719,497,,France,0,0,2020-07-23 08:18:55,False,310.0
122,"RT @evazhengll: Ericsson has won at least part of the deal to deploy Deutsche Telekom‚Äôs 5G RAN across Germany.
French cybersecurity agency‚Ä¶",1286214070991912962,...,20842368,15969,4293,,,0,8,2020-07-23 08:18:25,False,414.0
123,"RT @evazhengll: Ericsson has won at least part of the deal to deploy Deutsche Telekom‚Äôs 5G RAN across Germany.
French cybersecurity agency‚Ä¶",1286214053082402816,Rana Qadeer,839441938881339392,46296,414,,"ÿØÿ®Ÿä, ÿßŸÑÿßŸÖÿßÿ±ÿßÿ™ ÿßŸÑÿπÿ±ÿ®Ÿäÿ© ÿßŸÑŸÖÿ™ÿ≠ÿØÿ©",0,8,2020-07-23 08:18:21,False,1289.0
124,"This job is now open at Ericsson in #Taguig, NCR. Follow us and turn on mobile alerts to hear about jobs like these‚Ä¶ https://t.co/hvgGbrO9As",1286213607387066369,TMJ-PHI Jobs,41187049,783,667,,Phillipines,0,0,2020-07-23 08:16:35,False,276.0
125,@SacchisMilan * in the playstyle,1286213539905011714,Nico üá∏üá™üáÆüá∑,1107385720174530560,1305,91,,"Uppsala, Sverige",0,0,2020-07-23 08:16:19,False,211.0
126,@SacchisMilan Hes more like hazard imo,1286213488109670401,Nico üá∏üá™üáÆüá∑,1107385720174530560,1305,91,,"Uppsala, Sverige",1,0,2020-07-23 08:16:06,False,211.0
127,"RT @evazhengll: Ericsson has won at least part of the deal to deploy Deutsche Telekom‚Äôs 5G RAN across Germany.
French cybersecurity agency‚Ä¶",1286212484978941955,Fernando Chau ,2720051267,26271,66,,,0,8,2020-07-23 08:12:07,False,118.0
128,"@sally_ericsson @FT I watched a pod cast yesterday evening from Marburg, where two professors from the Uni Klinik s‚Ä¶ https://t.co/NizHEkUy9i",1286212484106420225,Jane Gilbert,708570290629033985,87959,2033,,"Frankfurt am Main, Germany",3,0,2020-07-23 08:12:07,False,562.0
129,RT @EricssonNetwork: #DYK there are now 140 service providers with dedicated fixed wireless access offerings? We're offering the Do's and D‚Ä¶,1286212462254202881,Paul Cowling,2396551453,5869,1772,,"Stockholm,  Sweden",0,3,2020-07-23 08:12:02,False,1875.0
130,Just finished reading https://t.co/jaT3ohIQBp...,1286212416737546241,Tyson Key,16086285,31392,932,,United Kingdom,1,0,2020-07-23 08:11:51,False,982.0
131,RT @_cdublin: Vodafone is the first mobile operator in Ireland to trial Ericsson's Dynamic Spectrum Sharing tech. #TeamEricsson https://t.c‚Ä¶,1286211462340517890,Sven van der Meer,274186593,13120,389,,Earth,0,2,2020-07-23 08:08:03,False,785.0
132,Ericsson reports second quarter results 2020. #TeamEricsson https://t.co/XLN96DQvwd,1286211457403613184,Achyut Shukla,3177054132,1223,89,,"Gurgaon, India",0,0,2020-07-23 08:08:02,False,57.0
133,"RT @Cor_Com: #5G, @deutschetelekom rafforza la partnership con @ericsson      https://t.co/SwuqS7Taqz https://t.co/ZNjIkW8BJc",1286211230642745344,Abraham VanVarenberg,47671682,22937,288,,"Las Vegas, Nevada",0,1,2020-07-23 08:07:08,False,483.0
134,"Ericsson wins some DT 5G RAN work, but what about Huawei? Swedish kit vendor Ericsson has won at least part of the‚Ä¶ https://t.co/jjORJLUNmS",1286210967320371201,Bk..,139546268,9704,299,,parental advisory..it's satire,0,0,2020-07-23 08:06:05,False,2110.0
135,"RT @evazhengll: Ericsson has won at least part of the deal to deploy Deutsche Telekom‚Äôs 5G RAN across Germany.
French cybersecurity agency‚Ä¶",1286210451966242819,Zeeshan Tariq,2189041329,19234,124,,,0,8,2020-07-23 08:04:03,False,298.0
136,"Click the link in our bio to see currently open #IT jobs like ""Solution Architect for Network Design and Optimizati‚Ä¶ https://t.co/DZeDdsDJOZ",1286210161900568576,TMJ-SPN IT Jobs,33768480,267,335,,Spain,0,0,2020-07-23 08:02:53,False,258.0
137,Chinese Commerce Ministry weighs export controls on Nokia and Ericsson China-made products if EU countries move to‚Ä¶ https://t.co/JKiPG8WA1Q,1286210072297771008,Matjaz Nahtigal,885877975564128256,853,118,,"Ljubljana, Slovenia",0,0,2020-07-23 08:02:32,False,180.0
138,"#5G, @deutschetelekom rafforza la partnership con @ericsson      https://t.co/SwuqS7Taqz https://t.co/ZNjIkW8BJc",1286209601248034816,Cor.Com,148815037,23704,8233,,Italia,2,1,2020-07-23 08:00:40,False,556.0
139,"RT @ericsson: üö® The Ericsson Innovation Awards are back! üö®

This year, #EIA2020 calls on university students worldwide to set major change‚Ä¶",1286208917861797889,Ericsson Deutschland,852436798013878272,3742,1371,,Deutschland,0,7,2020-07-23 07:57:57,True,2644.0
140,Excited to share the news that @Telekom_group and @Ericsson have strengthened their partnership with a #5G deal!‚Ä¶ https://t.co/Aaz8jOGhwV,1286208914254512129,MEHRAN NMZ ‚òÜ,2583570284,1154,167,,Global,0,0,2020-07-23 07:57:56,False,195.0
141,@Elliechase19 Hi gorgeous Ellie! Love to watch You!,1286208799792148481,Kjell Ericsson,3295302089,2191,232,,,1,0,2020-07-23 07:57:29,False,957.0
142,"Ericsson has won at least part of the deal to deploy Deutsche Telekom‚Äôs 5G RAN across Germany.
French cybersecurity‚Ä¶ https://t.co/E4RS6h8ry2",1286208384707039234,Eva Zheng ÈÉëÊÄ°Êñå ÿπÿßÿ¶ÿ¥ÿ©,4603259056,7736,29578,,China,10,8,2020-07-23 07:55:50,False,804.0
143,Excited to share the news that Deutsche Telekom and Ericsson have strengthened their partnership with a #5G deal!‚Ä¶ https://t.co/ZJlXx7kHGc,1286208369372487691,üáÆüá≥ Akshay Saraswat,2521990932,252,130,,"New Delhi, India",0,0,2020-07-23 07:55:46,False,681.0
144,"RT @phone_museum: A glorious rugged device. The @Ericsson R250s PRO (1999). Supported GSM phase 2+ tech &amp; GSM Pro system, which combined ad‚Ä¶",1286207882661449728,3G4G,2831342142,6061,2839,,United Kingdom,0,5,2020-07-23 07:53:50,False,247.0
145,"RT @adam_tooze: Decoupling Round 2 - Beijing weighs banning Nokia and Ericsson, who are profiting from Huawei‚Äôs exclusion, from exporting k‚Ä¶",1286207799542898688,Lysis,512966590,25189,560,,,0,17,2020-07-23 07:53:30,False,5000.0
146,Discover how regulators can easily apply #5G spectrum for local industrial use in the Ericsson White Paper.‚Ä¶ https://t.co/VCRJCpZRvz,1286207426807468032,J√∂rgen Eriksson,426901060,2489,219,,"Rome, Lazio",0,0,2020-07-23 07:52:01,False,305.0
147,Excited to share the news that Deutsche Telekom and Ericsson have strengthened their partnership with a #5G deal!‚Ä¶ https://t.co/0EqM2LuqGx,1286207247769460737,Raman Yadav,101738767,306,71,,Earth,0,0,2020-07-23 07:51:19,False,207.0
148,RT @communicasia: China might stop exports of Nokia and Ericsson products made in country as a retaliation if European Union bans Huawei.‚Ä¶,1286206762224410624,defcon_5,17212941,22227,890,,ny | bos | sf | dc,0,1,2020-07-23 07:49:23,False,15.0
149,"RT @adam_tooze: Decoupling Round 2 - Beijing weighs banning Nokia and Ericsson, who are profiting from Huawei‚Äôs exclusion, from exporting k‚Ä¶",1286206739138871297,ùíúùìÉùëîùëíùìÅùí∂ ùëÄùìéùëíùìáùìà,1205467189601603591,1045,71,,,0,17,2020-07-23 07:49:17,False,150.0
150,"We are looking for a Customer Security Director to join our team in Riyadh, Saudi Arabia. Interested? Apply now!‚Ä¶ https://t.co/2dpnhRoxTm",1286206622130302976,Caroline Berns,3216598601,5229,1071,,"Johannesburg, South Africa",1,0,2020-07-23 07:48:49,False,936.0
151,China could retaliate against Nokia and Ericsson should the EU follow suit with the UK and ban Huawei   https://t.co/QuF99lkoJZ,1286206497819701248,Alison Meuse,394593711,25066,11125,,Lebanon,1,0,2020-07-23 07:48:20,True,9634.0
152,Telefonaktiebolaget LM Ericsson $ERIC Earns Overweight Rating from Morgan Stanley  https://t.co/HT4vGf3TDO,1286205727128920070,Stock News Times,887052326472740866,783701,2143,,,0,1,2020-07-23 07:45:16,False,10.0
153,"Want to work in #Muscat, Muscat Governorate? View our latest opening: https://t.co/2t3suYwzX9 #EricssonJobs",1286205584362991617,Ericsson Jobs,310299026,871,2658,,Global Jobs Listing,0,0,2020-07-23 07:44:42,False,0.0
154,RT @EricssonDigital: Is 5G NR Stand-Alone (SA) the next big thing for 5G Core? @dez_blanchfield and Ericsson's Anders Lundstrom discuss: ht‚Ä¶,1286205419589742592,Kevin L. Jackson,17899712,107301,67174,,"Virginia, USA",0,4,2020-07-23 07:44:03,True,26694.0
155,RT @EricssonDigital: Is 5G NR Stand-Alone (SA) the next big thing for 5G Core? @dez_blanchfield and Ericsson's Anders Lundstrom discuss: ht‚Ä¶,1286205418541158400,GC GlobalNet,1206594363868012546,7200,22,,,0,4,2020-07-23 07:44:02,False,22.0
156,"Yeah, just a normal day on the road!!!

Let‚Äôs just say that this is the biggest speed bump I‚Äôve ever seen. https://t.co/vl9UlV3nQV",1286205386111033344,Ebba Ericsson,1175749774127050755,149,43,,"Malm√∂, Sverige",0,0,2020-07-23 07:43:55,False,430.0
157,"RT @lawrence_hutton: There's a price for everything. Your mama should have to you, no good deed goes unpunished. In all seriousness, this i‚Ä¶",1286205337662394368,Lucky With The Straight Right ü•ä,1008979142295998464,1408,10012,,United States ,0,5,2020-07-23 07:43:43,False,1093.0
158,BT and Ericsson behind UK's first Industry 4.0 live 5G factory | Light Reading https://t.co/BmZuTJHLtz,1286205311783702528,BSG,1024618807,4553,761,,UK,0,0,2020-07-23 07:43:37,False,476.0
159,Great piece from @ericsson. This is why @IN40Group is helping employers find the best new talent to lead digital tr‚Ä¶ https://t.co/YGqVYoeuh9,1286205105516224517,Mo Isap,347748388,1056,1643,,Manchester,0,0,2020-07-23 07:42:48,False,2209.0
160,RT @EricssonDigital: Is 5G NR Stand-Alone (SA) the next big thing for 5G Core? @dez_blanchfield and Ericsson's Anders Lundstrom discuss: ht‚Ä¶,1286204913773551616,Lisa HockadayJacksonüì≤,3297160441,16325,11101,,,0,4,2020-07-23 07:42:02,False,7707.0
161,"RT @adam_tooze: Decoupling Round 2 - Beijing weighs banning Nokia and Ericsson, who are profiting from Huawei‚Äôs exclusion, from exporting k‚Ä¶",1286204457538203650,Vitor Carvalhoüá¨üáßüáßüá∑,783142094,102263,317,,Bracknell,0,17,2020-07-23 07:40:13,False,292.0
162,"Antibody testing in England slumps as ‚Äògame-changer‚Äô scheme founders via @FT
 https://t.co/j2lSxggnfz",1286204422113173505,Sally Ericsson,764575190906986496,51578,3036,,"London, England",1,1,2020-07-23 07:40:05,False,3294.0
163,"RT @EricssonAPAC: #VR classes, cooking lessons and a lot more! 

Check out the top ways in which technology can keep you entertained, right‚Ä¶",1286204328110219264,‡∏ï‡∏µ‡πã‡∏ô‡πâ‡∏≠‡∏¢‡∏Ç‡∏≠‡∏á‡∏ô‡πâ‡∏≤,850651813690826752,401447,312,,,0,3,2020-07-23 07:39:42,False,600.0
164,"US senators warn UK digital services tax could derail trade talks via @FT
 https://t.co/u9iaWqWDmp",1286204215405219840,Sally Ericsson,764575190906986496,51578,3036,,"London, England",0,0,2020-07-23 07:39:16,False,3294.0
165,"RT @EricssonAPAC: In times of the pandemic, connectivity has emerged as being more important than ever before

As a result, increasing the‚Ä¶",1286203838207111170,Ë±™@„Äå„Åô„Åç„Äç„ÅÆ„ÅÇ„Çä„Åã„ÅØ„Å©„Åì„Åß„Åô„ÅãÔºü,999355659383488512,21506,61,,üíú&üíö,0,5,2020-07-23 07:37:46,False,723.0
166,Senior official raised concerns with Alok Sharma over ¬£400m satellite deal https://t.co/DoEQRtaMRT,1286203765025058816,Sally Ericsson,764575190906986496,51578,3036,,"London, England",0,0,2020-07-23 07:37:28,False,3294.0
167,Test and trace failing to contact thousands in England's worst-hit areas https://t.co/Lhwulh8Pe8,1286203528441192448,Sally Ericsson,764575190906986496,51578,3036,,"London, England",1,0,2020-07-23 07:36:32,False,3294.0
168,"See our latest #Mandalay, Mandalay Region #IT job opportunity and click the link in our bio to apply: Network Servi‚Ä¶ https://t.co/F4yhGphFvj",1286203102173921280,TMJ-Myanmar Jobs,78408371,80,611,,Myanmar,0,0,2020-07-23 07:34:50,False,276.0
169,"Interested in a job in #Noida, UP? This could be a great fit. Click the link in our bio to apply: Senior Engineer-‚Ä¶ https://t.co/vSF8IqsVjl",1286202811399548929,TMJ-ING Jobs,41013335,583,497,,"Gurgaon, India",0,0,2020-07-23 07:33:41,False,276.0
170,"Peter Schrank Times cartoon: July 23 2020

https://t.co/bVJDnpxx9U",1286202803568992256,Sally Ericsson,764575190906986496,51578,3036,,"London, England",0,1,2020-07-23 07:33:39,False,3294.0
171,"RT @adam_tooze: Decoupling Round 2 - Beijing weighs banning Nokia and Ericsson, who are profiting from Huawei‚Äôs exclusion, from exporting k‚Ä¶",1286202795683647489,üá≠üá∞ Kunal Shah üá∫üá∏üá¨üáß,1020394087,129856,2274,,London + Washington,0,14,2020-07-23 07:33:37,False,5001.0
172,RT @_cdublin: Vodafone is the first mobile operator in Ireland to trial Ericsson's Dynamic Spectrum Sharing tech. #TeamEricsson https://t.c‚Ä¶,1286202774187847682,Paul Cowling,2396551453,5869,1772,,"Stockholm,  Sweden",0,2,2020-07-23 07:33:32,False,1875.0
173,"Global Telecom IoT Market 2025 Scope and Opportunities Analysis in Pandamic Crisis: AT&amp;T, China Mobile, Deutsche Te‚Ä¶ https://t.co/k1mlAMgajt",1286202479395381249,Web & Cloud LLC,2873029991,27689,6364,,"US, EU, Africa & The world",0,0,2020-07-23 07:32:22,False,3261.0
174,"Alok Sharma ignored official who feared OneWeb satellite deal was a waste of ¬£400m

https://t.co/mHdFm9fV9g",1286202174670807041,Sally Ericsson,764575190906986496,51578,3036,,"London, England",0,1,2020-07-23 07:31:09,False,3294.0
175,"Conservative Party ministers bankrolled by donors linked to Russia

https://t.co/jsrAxweMGe",1286202085118300160,Sally Ericsson,764575190906986496,51578,3036,,"London, England",0,0,2020-07-23 07:30:48,False,3294.0
176,RT @EricssonDigital: Is 5G NR Stand-Alone (SA) the next big thing for 5G Core? @dez_blanchfield and Ericsson's Anders Lundstrom discuss: ht‚Ä¶,1286201690455072770,Waleed Nohur,962254862955118592,77325,17450,,Republic of Mauritius üá≤üá∫,0,4,2020-07-23 07:29:14,False,15792.0
177,"RT @ericsson: The challenge: Increasing efficiency, productivity and sustainability in Italian port operations.

The solution: https://t.co‚Ä¶",1286201670943166464,Waleed Nohur,962254862955118592,77325,17450,,Republic of Mauritius üá≤üá∫,0,1,2020-07-23 07:29:09,False,15792.0
178,RT @EricssonNetwork: üÜïOur new Network Support offering is now available! It means faults can be isolated in hours or even minutes - potenti‚Ä¶,1286201651263545344,Waleed Nohur,962254862955118592,77325,17450,,Republic of Mauritius üá≤üá∫,0,1,2020-07-23 07:29:04,False,15792.0
179,"@Prof_Chadwick @thespandrell Reverse sanctions, cutting providers of content, services&amp;goods off from the Chinese m‚Ä¶ https://t.co/WV7DOx3MBX",1286201480668536835,Arnd,1166252229956788224,5178,140,,"Central Region, Singapore",0,0,2020-07-23 07:28:24,False,624.0
180,"RT @EricssonAPAC: #VR classes, cooking lessons and a lot more! 

Check out the top ways in which technology can keep you entertained, right‚Ä¶",1286201241672900614,‚ô° ¬∑ÀöÎ∞±ÌòÑ ‚Äò„ÖÖ‚Äô ùêüùê≠. ùêíùêÇ,1003598675333902336,171574,105,,‡∏ó‡∏≠‡∏î‡πÑ‡∏Ç‡πà‡∏≠‡∏¢‡∏π‡πà üç≥,0,3,2020-07-23 07:27:27,False,169.0
181,Check out @ericsson's IndustryLab report on Pre-emptive logistics - the road ahead! #TeamEricsson https://t.co/Xt2PGQHKvi,1286201232986529798,Gurbir Singh,42605132,150,45,,Dusseldorf,1,0,2020-07-23 07:27:25,False,4.0
182,Ericsson reports second quarter results 2020. #TeamEricsson https://t.co/6bXh8NSxaA,1286201076060844032,Antonio Yuste,242873370,1482,141,,"Madrid, Spain",0,0,2020-07-23 07:26:47,False,384.0
183,Excited to share the news that #DeutscheTelekom and #Ericsson have strengthened their partnership with a #5G deal!‚Ä¶ https://t.co/XKzdApopm7,1286200787455025154,Gurbir Singh,42605132,150,45,,Dusseldorf,1,0,2020-07-23 07:25:38,False,4.0
184,/be a global citizen #TeamEricsson https://t.co/J9v6HTsk0Y,1286200618361565190,Digital Monster,434948887,283,128,,London,0,0,2020-07-23 07:24:58,False,313.0
185,We drive openness to let the ecosystem innovate on the #5G platform. #TeamEricsson https://t.co/cPoXKQGhjw,1286200257575923713,George Offord,51572611,12631,176,,Budapest,0,0,2020-07-23 07:23:32,False,901.0
186,Ericsson reports second quarter results 2020. #TeamEricsson https://t.co/9YSWd7kA03,1286200150927392768,George Offord,51572611,12631,176,,Budapest,0,0,2020-07-23 07:23:07,False,901.0
187,There's virtually no societal or industrial communication need that #5G can‚Äôt meet. That's why it's crucial for the‚Ä¶ https://t.co/55KtwqlYgq,1286200069486592001,George Offord,51572611,12631,176,,Budapest,0,0,2020-07-23 07:22:47,False,901.0
188,I'm proud to be part of a company where you have the potential to make real impact - as a team and as an individual‚Ä¶ https://t.co/iiwvlpvKHR,1286199891769716737,Zeeshan,77528085,19701,618,,Noida,0,0,2020-07-23 07:22:05,False,1384.0
189,"RT @EricssonIndia: #ICYMI: ‚ÄúEmpathy and Humanness become the backbone of how we are connected to our employees,‚Äù Ericsson‚Äôs Priyanka Anand‚Ä¶",1286199823016660992,pds@///,34922589,13774,351,,"Gurgaon, India",0,1,2020-07-23 07:21:48,False,652.0
190,Proud to partner with Getinge to increase the production of advanced ICU ventilators. #TeamEricsson https://t.co/VRXCLRMzmW,1286199583844909056,Zeeshan,77528085,19701,618,,Noida,0,0,2020-07-23 07:20:51,False,1384.0
191,RT @EricssonIndia: Nunzio Mirtillo‚Äôs views on Ericsson‚Äôs strong partnership with @airtelindia and the Ericsson Operations Engine‚Äôs ability‚Ä¶,1286199441372807168,vijay tripathi,500664694,552,3228,,Reabareli India ,0,20,2020-07-23 07:20:17,False,3306.0
192,There's virtually no societal or industrial communication need that #5G can‚Äôt meet. That's why it's crucial for the‚Ä¶ https://t.co/bO5yAHsudZ,1286199404773302272,Zeeshan,77528085,19701,618,,Noida,0,0,2020-07-23 07:20:09,False,1384.0
193,Excited to share the news that Deutsche Telekom and Ericsson have strengthened their partnership with a #5G deal!‚Ä¶ https://t.co/Cc6SxH6BD1,1286199325907771394,George Offord,51572611,12631,176,,Budapest,0,0,2020-07-23 07:19:50,False,901.0
194,"#5G ‚Äòuse places‚Äô may prove more valuable than use cases, says Ericsson. | RCR Wireless #TeamEricsson https://t.co/YnbIcLBx2v",1286199122886680576,Jodi,609700873,8543,103,,Philippines,0,0,2020-07-23 07:19:01,False,537.0
195,"#CGTenEricsson por tus derechos | Fuente: ericsson

Why are the operations of private networks as important as the‚Ä¶ https://t.co/ovs1Ztl294",1286197876574609408,Ericsson CGT,404233132,87346,453,,Madrid,0,0,2020-07-23 07:14:04,False,291.0
196,"#CGTenEricsson por tus derechos | Fuente: ericsson

RT rcrwirelessnews: NEW PODCAST: Well, technically... the tech‚Ä¶ https://t.co/Jx4L3l7ohA",1286197874980790272,Ericsson CGT,404233132,87346,453,,Madrid,0,0,2020-07-23 07:14:04,False,291.0
197,Ericsson reports second quarter results 2020. #TeamEricsson https://t.co/X6rBBGH1i0,1286197768210378754,Andrea Gonella,36053267,97,51,,Sanremo,0,0,2020-07-23 07:13:38,False,55.0
198,nokia 3210 &gt; nokia 2300 &gt; lg kg288 &gt; nokia n97 &gt; sony ericsson p1i &gt; samsung champ &gt; nokia asha 200 &gt; blackberry cu‚Ä¶ https://t.co/VSy1wQE2fY,1286197380111507456,changsha supremacist alli,833272369246375936,58355,878,,"ÏàòÍ≥†ÌñàÏñ¥Ïöî, Ï†ïÎßê Í≥†ÏÉùÌñàÏñ¥Ïöî, ÍπÄÏ¢ÖÌòÑ.",2,0,2020-07-23 07:12:06,False,309.0
199,"Ericsson to Deploy Latest #Automation, ML &amp; #AI Technologies for India's Bharti Airtel .

#BhartiAirtel recently re‚Ä¶ https://t.co/rurQFVFHtZ",1286197121578803200,CIO Insider India,925268847401168897,373,156,,"Noida, India",0,0,2020-07-23 07:11:04,False,122.0
